{"cameraMode":{"drawMode":0,"name":"Shaded","section":"Shading Mode"},"sceneLighting":true,"audioPlay":false,"sceneViewState":{"m_AlwaysRefresh":false,"showFog":true,"showSkybox":true,"showFlares":true,"showImageEffects":true,"showParticleSystems":true,"showVisualEffectGraphs":true,"m_FxEnabled":true},"in2DMode":false,"pivot":{"x":0.2610275149345398,"y":0.26666951179504397,"z":5.73289680480957},"rotation":{"x":0.10100121051073075,"y":-0.002413027686998248,"z":0.00014993920922279358,"w":0.994887113571167},"size":7.390366077423096,"orthographic":false}