{"cameraMode":{"drawMode":0,"name":"Shaded","section":"Shading Mode"},"sceneLighting":true,"audioPlay":false,"sceneViewState":{"m_AlwaysRefresh":false,"showFog":true,"showSkybox":true,"showFlares":true,"showImageEffects":true,"showParticleSystems":true,"showVisualEffectGraphs":true,"m_FxEnabled":true},"in2DMode":false,"pivot":{"x":0.2965056300163269,"y":0.40070000290870669,"z":3.6796445846557619},"rotation":{"x":-0.011322947219014168,"y":0.03207812085747719,"z":0.00026851444272324443,"w":0.9994293451309204},"size":7.069886684417725,"orthographic":false}