{"cameraMode":{"drawMode":0,"name":"Shaded","section":"Shading Mode"},"sceneLighting":true,"audioPlay":false,"sceneViewState":{"m_AlwaysRefresh":false,"showFog":true,"showSkybox":true,"showFlares":true,"showImageEffects":true,"showParticleSystems":true,"showVisualEffectGraphs":true,"m_FxEnabled":true},"in2DMode":false,"pivot":{"x":-4.827793598175049,"y":1.0051079988479615,"z":4.658018112182617},"rotation":{"x":0.014391260221600533,"y":0.028492804616689683,"z":-0.0004260994028300047,"w":0.9995245933532715},"size":6.975541114807129,"orthographic":false}