{"cameraMode":{"drawMode":0,"name":"Shaded","section":"Shading Mode"},"sceneLighting":true,"audioPlay":false,"sceneViewState":{"m_AlwaysRefresh":false,"showFog":true,"showSkybox":true,"showFlares":true,"showImageEffects":true,"showParticleSystems":true,"showVisualEffectGraphs":true,"m_FxEnabled":true},"in2DMode":false,"pivot":{"x":2.202641487121582,"y":2.279519557952881,"z":3.629633903503418},"rotation":{"x":-0.024309290573000909,"y":0.20603550970554353,"z":0.0050254277884960178,"w":0.9782319664955139},"size":5.5423431396484379,"orthographic":false}