{"cameraMode":{"drawMode":0,"name":"Shaded","section":"Shading Mode"},"sceneLighting":true,"audioPlay":false,"sceneViewState":{"m_AlwaysRefresh":false,"showFog":true,"showSkybox":true,"showFlares":true,"showImageEffects":true,"showParticleSystems":true,"showVisualEffectGraphs":true,"m_FxEnabled":true},"in2DMode":false,"pivot":{"x":2.161524772644043,"y":0.8602539896965027,"z":2.6421384811401369},"rotation":{"x":-0.02174053154885769,"y":0.09193502366542816,"z":0.001912670093588531,"w":0.9955334663391113},"size":7.403022766113281,"orthographic":false}