{"cameraMode":{"drawMode":0,"name":"Shaded","section":"Shading Mode"},"sceneLighting":true,"audioPlay":false,"sceneViewState":{"m_AlwaysRefresh":false,"showFog":true,"showSkybox":true,"showFlares":true,"showImageEffects":true,"showParticleSystems":true,"showVisualEffectGraphs":true,"m_FxEnabled":true},"in2DMode":false,"pivot":{"x":-0.7327327132225037,"y":1.4970197677612305,"z":-24.202293395996095},"rotation":{"x":-0.07879126816987992,"y":0.026010002940893174,"z":-0.002044627210125327,"w":-0.9965730905532837},"size":5.060901641845703,"orthographic":false}