{"cameraMode":{"drawMode":0,"name":"Shaded","section":"Shading Mode"},"sceneLighting":true,"audioPlay":false,"sceneViewState":{"m_AlwaysRefresh":false,"showFog":true,"showSkybox":true,"showFlares":true,"showImageEffects":true,"showParticleSystems":true,"showVisualEffectGraphs":true,"m_FxEnabled":true},"in2DMode":false,"pivot":{"x":2.6432394981384279,"y":0.727502167224884,"z":2.2377588748931886},"rotation":{"x":-0.023259399458765985,"y":0.0784849002957344,"z":0.0017365659587085248,"w":0.9966505169868469},"size":7.403022766113281,"orthographic":false}