{"cameraMode":{"drawMode":0,"name":"Shaded","section":"Shading Mode"},"sceneLighting":true,"audioPlay":false,"sceneViewState":{"m_AlwaysRefresh":false,"showFog":true,"showSkybox":true,"showFlares":true,"showImageEffects":true,"showParticleSystems":true,"showVisualEffectGraphs":true,"m_FxEnabled":true},"in2DMode":false,"pivot":{"x":21.319059371948243,"y":-2.48163104057312,"z":11.036872863769532},"rotation":{"x":0.05658840388059616,"y":0.41923508048057558,"z":-0.026196502149105073,"w":0.9057425260543823},"size":14.9473237991333,"orthographic":false}