{"cameraMode":{"drawMode":0,"name":"Shaded","section":"Shading Mode"},"sceneLighting":true,"audioPlay":false,"sceneViewState":{"m_AlwaysRefresh":false,"showFog":true,"showSkybox":true,"showFlares":true,"showImageEffects":true,"showParticleSystems":true,"showVisualEffectGraphs":true,"m_FxEnabled":true},"in2DMode":false,"pivot":{"x":0.3126339614391327,"y":0.9930284023284912,"z":-2.12686824798584},"rotation":{"x":0.10696898400783539,"y":-0.00838326383382082,"z":0.000754484673961997,"w":0.9942491054534912},"size":3.2370247840881349,"orthographic":false}