{"cameraMode":{"drawMode":0,"name":"Shaded","section":"Shading Mode"},"sceneLighting":true,"audioPlay":false,"sceneViewState":{"m_AlwaysRefresh":false,"showFog":true,"showSkybox":true,"showFlares":true,"showImageEffects":true,"showParticleSystems":true,"showVisualEffectGraphs":true,"m_FxEnabled":true},"in2DMode":false,"pivot":{"x":-0.7715957164764404,"y":0.8862041234970093,"z":-30.224348068237306},"rotation":{"x":0.052990179508924487,"y":0.05748097598552704,"z":0.003063626354560256,"w":-0.9969631433486939},"size":1.4301825761795045,"orthographic":false}