{"cameraMode":{"drawMode":0,"name":"Shaded","section":"Shading Mode"},"sceneLighting":true,"audioPlay":false,"sceneViewState":{"m_AlwaysRefresh":false,"showFog":true,"showSkybox":true,"showFlares":true,"showImageEffects":true,"showParticleSystems":true,"showVisualEffectGraphs":true,"m_FxEnabled":true},"in2DMode":false,"pivot":{"x":4.02523946762085,"y":-3.847750425338745,"z":13.291391372680664},"rotation":{"x":0.21935038268566132,"y":-0.015548616647720337,"z":0.003398880595341325,"w":0.9755244851112366},"size":12.193119049072266,"orthographic":false}