{"cameraMode":{"drawMode":0,"name":"Shaded","section":"Shading Mode"},"sceneLighting":true,"audioPlay":false,"sceneViewState":{"m_AlwaysRefresh":false,"showFog":true,"showSkybox":true,"showFlares":true,"showImageEffects":true,"showParticleSystems":true,"showVisualEffectGraphs":true,"m_FxEnabled":true},"in2DMode":false,"pivot":{"x":0.5012391209602356,"y":0.8344187140464783,"z":0.8173818588256836},"rotation":{"x":-0.0248220544308424,"y":0.015580788254737854,"z":0.0002923304564319551,"w":0.9995768070220947},"size":6.111562728881836,"orthographic":false}